,method,time
0,pads_cpp,0.007728
1,high_degree,0.20699405670166016
