,method,time
0,pads_cpp,0.001728
1,high_degree,0.07632088661193848
