,method,time
0,pads_cpp,0.006685
1,high_degree,0.33164525032043457
