,method,time
0,pads_cpp,0.01286
1,high_degree,0.4931204319000244
