,method,time
0,pads_cpp,0.001716
1,high_degree,0.05595254898071289
