,method,time
0,pads_cpp,0.010564
1,high_degree,0.4051787853240967
